Video link,CName
https://app.repliq.co/videos/rEf265b2f93,PVL Power Washing
https://app.repliq.co/videos/rEda3a18293,Big Joe's Power Washing LLC
https://app.repliq.co/videos/rE1378e2393,Prolific PowerWash
https://app.repliq.co/videos/rEa702fec93,HD Window Cleaning
https://app.repliq.co/videos/rE49d291393,Genie Pressure Washing
https://app.repliq.co/videos/rE75c408993,Central Missouri Power Wash
https://app.repliq.co/videos/rE130f74993,Still Washin' LLC
https://app.repliq.co/videos/rEf1b90e893,S & R Window and Gutter Cleaning LLC
https://app.repliq.co/videos/rEb26244493,Wash Right Kc
https://app.repliq.co/videos/rE77aad8493,ASAP Window & Gutter Cleaning
,
,
,
,
,
,
,
,
,
